src_path,dst_path,prompt,expected_direction,second_object,view_type
/home/zzou/WhatsUp_dataset/controlled_images/apple_left_of_armchair.jpeg,/home/zzou/Version0_dataset/Qwen_Image_Edit_2509_v0_armchair/apple_left_of_armchair_FACE-CAMERA.png,"Insert a human sitting on the armchair facing the camera, with their body also faced the camera. Keep all the rest of the image the same.",right,apple,FACE-CAMERA
/home/zzou/WhatsUp_dataset/controlled_images/apple_left_of_armchair.jpeg,/home/zzou/Version0_dataset/Qwen_Image_Edit_2509_v0_armchair/apple_left_of_armchair_FACE-LEFT.png,"Insert a human sitting on the armchair facing left, with their body also turned to the left. Keep all the rest of the image the same. You can change the orientation of the armchair.",front,apple,FACE-LEFT
/home/zzou/WhatsUp_dataset/controlled_images/apple_left_of_armchair.jpeg,/home/zzou/Version0_dataset/Qwen_Image_Edit_2509_v0_armchair/apple_left_of_armchair_FACE-RIGHT.png,"Insert a human sitting on the armchair facing right, with their body also turned to the right. Keep all the rest of the image the same. You can change the orientation of the armchair.",back,apple,FACE-RIGHT
/home/zzou/WhatsUp_dataset/controlled_images/apple_right_of_armchair.jpeg,/home/zzou/Version0_dataset/Qwen_Image_Edit_2509_v0_armchair/apple_right_of_armchair_FACE-CAMERA.png,"Insert a human sitting on the armchair facing the camera, with their body also faced the camera. Keep all the rest of the image the same.",left,apple,FACE-CAMERA
/home/zzou/WhatsUp_dataset/controlled_images/apple_right_of_armchair.jpeg,/home/zzou/Version0_dataset/Qwen_Image_Edit_2509_v0_armchair/apple_right_of_armchair_FACE-LEFT.png,"Insert a human sitting on the armchair facing left, with their body also turned to the left. Keep all the rest of the image the same. You can change the orientation of the armchair.",back,apple,FACE-LEFT
/home/zzou/WhatsUp_dataset/controlled_images/apple_right_of_armchair.jpeg,/home/zzou/Version0_dataset/Qwen_Image_Edit_2509_v0_armchair/apple_right_of_armchair_FACE-RIGHT.png,"Insert a human sitting on the armchair facing right, with their body also turned to the right. Keep all the rest of the image the same. You can change the orientation of the armchair.",front,apple,FACE-RIGHT
/home/zzou/WhatsUp_dataset/controlled_images/banjo_left_of_armchair.jpeg,/home/zzou/Version0_dataset/Qwen_Image_Edit_2509_v0_armchair/banjo_left_of_armchair_FACE-CAMERA.png,"Insert a human sitting on the armchair facing the camera, with their body also faced the camera. Keep all the rest of the image the same.",right,banjo,FACE-CAMERA
/home/zzou/WhatsUp_dataset/controlled_images/banjo_left_of_armchair.jpeg,/home/zzou/Version0_dataset/Qwen_Image_Edit_2509_v0_armchair/banjo_left_of_armchair_FACE-LEFT.png,"Insert a human sitting on the armchair facing left, with their body also turned to the left. Keep all the rest of the image the same. You can change the orientation of the armchair.",front,banjo,FACE-LEFT
/home/zzou/WhatsUp_dataset/controlled_images/banjo_left_of_armchair.jpeg,/home/zzou/Version0_dataset/Qwen_Image_Edit_2509_v0_armchair/banjo_left_of_armchair_FACE-RIGHT.png,"Insert a human sitting on the armchair facing right, with their body also turned to the right. Keep all the rest of the image the same. You can change the orientation of the armchair.",back,banjo,FACE-RIGHT
/home/zzou/WhatsUp_dataset/controlled_images/banjo_right_of_armchair.jpeg,/home/zzou/Version0_dataset/Qwen_Image_Edit_2509_v0_armchair/banjo_right_of_armchair_FACE-CAMERA.png,"Insert a human sitting on the armchair facing the camera, with their body also faced the camera. Keep all the rest of the image the same.",left,banjo,FACE-CAMERA
/home/zzou/WhatsUp_dataset/controlled_images/banjo_right_of_armchair.jpeg,/home/zzou/Version0_dataset/Qwen_Image_Edit_2509_v0_armchair/banjo_right_of_armchair_FACE-LEFT.png,"Insert a human sitting on the armchair facing left, with their body also turned to the left. Keep all the rest of the image the same. You can change the orientation of the armchair.",back,banjo,FACE-LEFT
/home/zzou/WhatsUp_dataset/controlled_images/banjo_right_of_armchair.jpeg,/home/zzou/Version0_dataset/Qwen_Image_Edit_2509_v0_armchair/banjo_right_of_armchair_FACE-RIGHT.png,"Insert a human sitting on the armchair facing right, with their body also turned to the right. Keep all the rest of the image the same. You can change the orientation of the armchair.",front,banjo,FACE-RIGHT
/home/zzou/WhatsUp_dataset/controlled_images/beer-bottle_left_of_armchair.jpeg,/home/zzou/Version0_dataset/Qwen_Image_Edit_2509_v0_armchair/beer-bottle_left_of_armchair_FACE-CAMERA.png,"Insert a human sitting on the armchair facing the camera, with their body also faced the camera. Keep all the rest of the image the same.",right,beer-bottle,FACE-CAMERA
/home/zzou/WhatsUp_dataset/controlled_images/beer-bottle_left_of_armchair.jpeg,/home/zzou/Version0_dataset/Qwen_Image_Edit_2509_v0_armchair/beer-bottle_left_of_armchair_FACE-LEFT.png,"Insert a human sitting on the armchair facing left, with their body also turned to the left. Keep all the rest of the image the same. You can change the orientation of the armchair.",front,beer-bottle,FACE-LEFT
/home/zzou/WhatsUp_dataset/controlled_images/beer-bottle_left_of_armchair.jpeg,/home/zzou/Version0_dataset/Qwen_Image_Edit_2509_v0_armchair/beer-bottle_left_of_armchair_FACE-RIGHT.png,"Insert a human sitting on the armchair facing right, with their body also turned to the right. Keep all the rest of the image the same. You can change the orientation of the armchair.",back,beer-bottle,FACE-RIGHT
/home/zzou/WhatsUp_dataset/controlled_images/beer-bottle_right_of_armchair.jpeg,/home/zzou/Version0_dataset/Qwen_Image_Edit_2509_v0_armchair/beer-bottle_right_of_armchair_FACE-CAMERA.png,"Insert a human sitting on the armchair facing the camera, with their body also faced the camera. Keep all the rest of the image the same.",left,beer-bottle,FACE-CAMERA
/home/zzou/WhatsUp_dataset/controlled_images/beer-bottle_right_of_armchair.jpeg,/home/zzou/Version0_dataset/Qwen_Image_Edit_2509_v0_armchair/beer-bottle_right_of_armchair_FACE-LEFT.png,"Insert a human sitting on the armchair facing left, with their body also turned to the left. Keep all the rest of the image the same. You can change the orientation of the armchair.",back,beer-bottle,FACE-LEFT
/home/zzou/WhatsUp_dataset/controlled_images/beer-bottle_right_of_armchair.jpeg,/home/zzou/Version0_dataset/Qwen_Image_Edit_2509_v0_armchair/beer-bottle_right_of_armchair_FACE-RIGHT.png,"Insert a human sitting on the armchair facing right, with their body also turned to the right. Keep all the rest of the image the same. You can change the orientation of the armchair.",front,beer-bottle,FACE-RIGHT
/home/zzou/WhatsUp_dataset/controlled_images/book_left_of_armchair.jpeg,/home/zzou/Version0_dataset/Qwen_Image_Edit_2509_v0_armchair/book_left_of_armchair_FACE-CAMERA.png,"Insert a human sitting on the armchair facing the camera, with their body also faced the camera. Keep all the rest of the image the same.",right,book,FACE-CAMERA
/home/zzou/WhatsUp_dataset/controlled_images/book_left_of_armchair.jpeg,/home/zzou/Version0_dataset/Qwen_Image_Edit_2509_v0_armchair/book_left_of_armchair_FACE-LEFT.png,"Insert a human sitting on the armchair facing left, with their body also turned to the left. Keep all the rest of the image the same. You can change the orientation of the armchair.",front,book,FACE-LEFT
/home/zzou/WhatsUp_dataset/controlled_images/book_left_of_armchair.jpeg,/home/zzou/Version0_dataset/Qwen_Image_Edit_2509_v0_armchair/book_left_of_armchair_FACE-RIGHT.png,"Insert a human sitting on the armchair facing right, with their body also turned to the right. Keep all the rest of the image the same. You can change the orientation of the armchair.",back,book,FACE-RIGHT
/home/zzou/WhatsUp_dataset/controlled_images/book_right_of_armchair.jpeg,/home/zzou/Version0_dataset/Qwen_Image_Edit_2509_v0_armchair/book_right_of_armchair_FACE-CAMERA.png,"Insert a human sitting on the armchair facing the camera, with their body also faced the camera. Keep all the rest of the image the same.",left,book,FACE-CAMERA
/home/zzou/WhatsUp_dataset/controlled_images/book_right_of_armchair.jpeg,/home/zzou/Version0_dataset/Qwen_Image_Edit_2509_v0_armchair/book_right_of_armchair_FACE-LEFT.png,"Insert a human sitting on the armchair facing left, with their body also turned to the left. Keep all the rest of the image the same. You can change the orientation of the armchair.",back,book,FACE-LEFT
/home/zzou/WhatsUp_dataset/controlled_images/book_right_of_armchair.jpeg,/home/zzou/Version0_dataset/Qwen_Image_Edit_2509_v0_armchair/book_right_of_armchair_FACE-RIGHT.png,"Insert a human sitting on the armchair facing right, with their body also turned to the right. Keep all the rest of the image the same. You can change the orientation of the armchair.",front,book,FACE-RIGHT
/home/zzou/WhatsUp_dataset/controlled_images/bottle_left_of_armchair.jpeg,/home/zzou/Version0_dataset/Qwen_Image_Edit_2509_v0_armchair/bottle_left_of_armchair_FACE-CAMERA.png,"Insert a human sitting on the armchair facing the camera, with their body also faced the camera. Keep all the rest of the image the same.",right,bottle,FACE-CAMERA
/home/zzou/WhatsUp_dataset/controlled_images/bottle_left_of_armchair.jpeg,/home/zzou/Version0_dataset/Qwen_Image_Edit_2509_v0_armchair/bottle_left_of_armchair_FACE-LEFT.png,"Insert a human sitting on the armchair facing left, with their body also turned to the left. Keep all the rest of the image the same. You can change the orientation of the armchair.",front,bottle,FACE-LEFT
/home/zzou/WhatsUp_dataset/controlled_images/bottle_left_of_armchair.jpeg,/home/zzou/Version0_dataset/Qwen_Image_Edit_2509_v0_armchair/bottle_left_of_armchair_FACE-RIGHT.png,"Insert a human sitting on the armchair facing right, with their body also turned to the right. Keep all the rest of the image the same. You can change the orientation of the armchair.",back,bottle,FACE-RIGHT
/home/zzou/WhatsUp_dataset/controlled_images/bottle_right_of_armchair.jpeg,/home/zzou/Version0_dataset/Qwen_Image_Edit_2509_v0_armchair/bottle_right_of_armchair_FACE-CAMERA.png,"Insert a human sitting on the armchair facing the camera, with their body also faced the camera. Keep all the rest of the image the same.",left,bottle,FACE-CAMERA
/home/zzou/WhatsUp_dataset/controlled_images/bottle_right_of_armchair.jpeg,/home/zzou/Version0_dataset/Qwen_Image_Edit_2509_v0_armchair/bottle_right_of_armchair_FACE-LEFT.png,"Insert a human sitting on the armchair facing left, with their body also turned to the left. Keep all the rest of the image the same. You can change the orientation of the armchair.",back,bottle,FACE-LEFT
/home/zzou/WhatsUp_dataset/controlled_images/bottle_right_of_armchair.jpeg,/home/zzou/Version0_dataset/Qwen_Image_Edit_2509_v0_armchair/bottle_right_of_armchair_FACE-RIGHT.png,"Insert a human sitting on the armchair facing right, with their body also turned to the right. Keep all the rest of the image the same. You can change the orientation of the armchair.",front,bottle,FACE-RIGHT
/home/zzou/WhatsUp_dataset/controlled_images/bowl_left_of_armchair.jpeg,/home/zzou/Version0_dataset/Qwen_Image_Edit_2509_v0_armchair/bowl_left_of_armchair_FACE-CAMERA.png,"Insert a human sitting on the armchair facing the camera, with their body also faced the camera. Keep all the rest of the image the same.",right,bowl,FACE-CAMERA
/home/zzou/WhatsUp_dataset/controlled_images/bowl_left_of_armchair.jpeg,/home/zzou/Version0_dataset/Qwen_Image_Edit_2509_v0_armchair/bowl_left_of_armchair_FACE-LEFT.png,"Insert a human sitting on the armchair facing left, with their body also turned to the left. Keep all the rest of the image the same. You can change the orientation of the armchair.",front,bowl,FACE-LEFT
/home/zzou/WhatsUp_dataset/controlled_images/bowl_left_of_armchair.jpeg,/home/zzou/Version0_dataset/Qwen_Image_Edit_2509_v0_armchair/bowl_left_of_armchair_FACE-RIGHT.png,"Insert a human sitting on the armchair facing right, with their body also turned to the right. Keep all the rest of the image the same. You can change the orientation of the armchair.",back,bowl,FACE-RIGHT
/home/zzou/WhatsUp_dataset/controlled_images/bowl_right_of_armchair.jpeg,/home/zzou/Version0_dataset/Qwen_Image_Edit_2509_v0_armchair/bowl_right_of_armchair_FACE-CAMERA.png,"Insert a human sitting on the armchair facing the camera, with their body also faced the camera. Keep all the rest of the image the same.",left,bowl,FACE-CAMERA
/home/zzou/WhatsUp_dataset/controlled_images/bowl_right_of_armchair.jpeg,/home/zzou/Version0_dataset/Qwen_Image_Edit_2509_v0_armchair/bowl_right_of_armchair_FACE-LEFT.png,"Insert a human sitting on the armchair facing left, with their body also turned to the left. Keep all the rest of the image the same. You can change the orientation of the armchair.",back,bowl,FACE-LEFT
/home/zzou/WhatsUp_dataset/controlled_images/bowl_right_of_armchair.jpeg,/home/zzou/Version0_dataset/Qwen_Image_Edit_2509_v0_armchair/bowl_right_of_armchair_FACE-RIGHT.png,"Insert a human sitting on the armchair facing right, with their body also turned to the right. Keep all the rest of the image the same. You can change the orientation of the armchair.",front,bowl,FACE-RIGHT
/home/zzou/WhatsUp_dataset/controlled_images/bread_left_of_armchair.jpeg,/home/zzou/Version0_dataset/Qwen_Image_Edit_2509_v0_armchair/bread_left_of_armchair_FACE-CAMERA.png,"Insert a human sitting on the armchair facing the camera, with their body also faced the camera. Keep all the rest of the image the same.",right,bread,FACE-CAMERA
/home/zzou/WhatsUp_dataset/controlled_images/bread_left_of_armchair.jpeg,/home/zzou/Version0_dataset/Qwen_Image_Edit_2509_v0_armchair/bread_left_of_armchair_FACE-LEFT.png,"Insert a human sitting on the armchair facing left, with their body also turned to the left. Keep all the rest of the image the same. You can change the orientation of the armchair.",front,bread,FACE-LEFT
/home/zzou/WhatsUp_dataset/controlled_images/bread_left_of_armchair.jpeg,/home/zzou/Version0_dataset/Qwen_Image_Edit_2509_v0_armchair/bread_left_of_armchair_FACE-RIGHT.png,"Insert a human sitting on the armchair facing right, with their body also turned to the right. Keep all the rest of the image the same. You can change the orientation of the armchair.",back,bread,FACE-RIGHT
/home/zzou/WhatsUp_dataset/controlled_images/bread_right_of_armchair.jpeg,/home/zzou/Version0_dataset/Qwen_Image_Edit_2509_v0_armchair/bread_right_of_armchair_FACE-CAMERA.png,"Insert a human sitting on the armchair facing the camera, with their body also faced the camera. Keep all the rest of the image the same.",left,bread,FACE-CAMERA
/home/zzou/WhatsUp_dataset/controlled_images/bread_right_of_armchair.jpeg,/home/zzou/Version0_dataset/Qwen_Image_Edit_2509_v0_armchair/bread_right_of_armchair_FACE-LEFT.png,"Insert a human sitting on the armchair facing left, with their body also turned to the left. Keep all the rest of the image the same. You can change the orientation of the armchair.",back,bread,FACE-LEFT
/home/zzou/WhatsUp_dataset/controlled_images/bread_right_of_armchair.jpeg,/home/zzou/Version0_dataset/Qwen_Image_Edit_2509_v0_armchair/bread_right_of_armchair_FACE-RIGHT.png,"Insert a human sitting on the armchair facing right, with their body also turned to the right. Keep all the rest of the image the same. You can change the orientation of the armchair.",front,bread,FACE-RIGHT
/home/zzou/WhatsUp_dataset/controlled_images/can_left_of_armchair.jpeg,/home/zzou/Version0_dataset/Qwen_Image_Edit_2509_v0_armchair/can_left_of_armchair_FACE-CAMERA.png,"Insert a human sitting on the armchair facing the camera, with their body also faced the camera. Keep all the rest of the image the same.",right,can,FACE-CAMERA
/home/zzou/WhatsUp_dataset/controlled_images/can_left_of_armchair.jpeg,/home/zzou/Version0_dataset/Qwen_Image_Edit_2509_v0_armchair/can_left_of_armchair_FACE-LEFT.png,"Insert a human sitting on the armchair facing left, with their body also turned to the left. Keep all the rest of the image the same. You can change the orientation of the armchair.",front,can,FACE-LEFT
/home/zzou/WhatsUp_dataset/controlled_images/can_left_of_armchair.jpeg,/home/zzou/Version0_dataset/Qwen_Image_Edit_2509_v0_armchair/can_left_of_armchair_FACE-RIGHT.png,"Insert a human sitting on the armchair facing right, with their body also turned to the right. Keep all the rest of the image the same. You can change the orientation of the armchair.",back,can,FACE-RIGHT
/home/zzou/WhatsUp_dataset/controlled_images/can_right_of_armchair.jpeg,/home/zzou/Version0_dataset/Qwen_Image_Edit_2509_v0_armchair/can_right_of_armchair_FACE-CAMERA.png,"Insert a human sitting on the armchair facing the camera, with their body also faced the camera. Keep all the rest of the image the same.",left,can,FACE-CAMERA
/home/zzou/WhatsUp_dataset/controlled_images/can_right_of_armchair.jpeg,/home/zzou/Version0_dataset/Qwen_Image_Edit_2509_v0_armchair/can_right_of_armchair_FACE-LEFT.png,"Insert a human sitting on the armchair facing left, with their body also turned to the left. Keep all the rest of the image the same. You can change the orientation of the armchair.",back,can,FACE-LEFT
/home/zzou/WhatsUp_dataset/controlled_images/can_right_of_armchair.jpeg,/home/zzou/Version0_dataset/Qwen_Image_Edit_2509_v0_armchair/can_right_of_armchair_FACE-RIGHT.png,"Insert a human sitting on the armchair facing right, with their body also turned to the right. Keep all the rest of the image the same. You can change the orientation of the armchair.",front,can,FACE-RIGHT
/home/zzou/WhatsUp_dataset/controlled_images/cap_left_of_armchair.jpeg,/home/zzou/Version0_dataset/Qwen_Image_Edit_2509_v0_armchair/cap_left_of_armchair_FACE-CAMERA.png,"Insert a human sitting on the armchair facing the camera, with their body also faced the camera. Keep all the rest of the image the same.",right,cap,FACE-CAMERA
/home/zzou/WhatsUp_dataset/controlled_images/cap_left_of_armchair.jpeg,/home/zzou/Version0_dataset/Qwen_Image_Edit_2509_v0_armchair/cap_left_of_armchair_FACE-LEFT.png,"Insert a human sitting on the armchair facing left, with their body also turned to the left. Keep all the rest of the image the same. You can change the orientation of the armchair.",front,cap,FACE-LEFT
/home/zzou/WhatsUp_dataset/controlled_images/cap_left_of_armchair.jpeg,/home/zzou/Version0_dataset/Qwen_Image_Edit_2509_v0_armchair/cap_left_of_armchair_FACE-RIGHT.png,"Insert a human sitting on the armchair facing right, with their body also turned to the right. Keep all the rest of the image the same. You can change the orientation of the armchair.",back,cap,FACE-RIGHT
/home/zzou/WhatsUp_dataset/controlled_images/cap_right_of_armchair.jpeg,/home/zzou/Version0_dataset/Qwen_Image_Edit_2509_v0_armchair/cap_right_of_armchair_FACE-CAMERA.png,"Insert a human sitting on the armchair facing the camera, with their body also faced the camera. Keep all the rest of the image the same.",left,cap,FACE-CAMERA
/home/zzou/WhatsUp_dataset/controlled_images/cap_right_of_armchair.jpeg,/home/zzou/Version0_dataset/Qwen_Image_Edit_2509_v0_armchair/cap_right_of_armchair_FACE-LEFT.png,"Insert a human sitting on the armchair facing left, with their body also turned to the left. Keep all the rest of the image the same. You can change the orientation of the armchair.",back,cap,FACE-LEFT
/home/zzou/WhatsUp_dataset/controlled_images/cap_right_of_armchair.jpeg,/home/zzou/Version0_dataset/Qwen_Image_Edit_2509_v0_armchair/cap_right_of_armchair_FACE-RIGHT.png,"Insert a human sitting on the armchair facing right, with their body also turned to the right. Keep all the rest of the image the same. You can change the orientation of the armchair.",front,cap,FACE-RIGHT
/home/zzou/WhatsUp_dataset/controlled_images/cup_left_of_armchair.jpeg,/home/zzou/Version0_dataset/Qwen_Image_Edit_2509_v0_armchair/cup_left_of_armchair_FACE-CAMERA.png,"Insert a human sitting on the armchair facing the camera, with their body also faced the camera. Keep all the rest of the image the same.",right,cup,FACE-CAMERA
/home/zzou/WhatsUp_dataset/controlled_images/cup_left_of_armchair.jpeg,/home/zzou/Version0_dataset/Qwen_Image_Edit_2509_v0_armchair/cup_left_of_armchair_FACE-LEFT.png,"Insert a human sitting on the armchair facing left, with their body also turned to the left. Keep all the rest of the image the same. You can change the orientation of the armchair.",front,cup,FACE-LEFT
/home/zzou/WhatsUp_dataset/controlled_images/cup_left_of_armchair.jpeg,/home/zzou/Version0_dataset/Qwen_Image_Edit_2509_v0_armchair/cup_left_of_armchair_FACE-RIGHT.png,"Insert a human sitting on the armchair facing right, with their body also turned to the right. Keep all the rest of the image the same. You can change the orientation of the armchair.",back,cup,FACE-RIGHT
/home/zzou/WhatsUp_dataset/controlled_images/cup_right_of_armchair.jpeg,/home/zzou/Version0_dataset/Qwen_Image_Edit_2509_v0_armchair/cup_right_of_armchair_FACE-CAMERA.png,"Insert a human sitting on the armchair facing the camera, with their body also faced the camera. Keep all the rest of the image the same.",left,cup,FACE-CAMERA
/home/zzou/WhatsUp_dataset/controlled_images/cup_right_of_armchair.jpeg,/home/zzou/Version0_dataset/Qwen_Image_Edit_2509_v0_armchair/cup_right_of_armchair_FACE-LEFT.png,"Insert a human sitting on the armchair facing left, with their body also turned to the left. Keep all the rest of the image the same. You can change the orientation of the armchair.",back,cup,FACE-LEFT
/home/zzou/WhatsUp_dataset/controlled_images/cup_right_of_armchair.jpeg,/home/zzou/Version0_dataset/Qwen_Image_Edit_2509_v0_armchair/cup_right_of_armchair_FACE-RIGHT.png,"Insert a human sitting on the armchair facing right, with their body also turned to the right. Keep all the rest of the image the same. You can change the orientation of the armchair.",front,cup,FACE-RIGHT
/home/zzou/WhatsUp_dataset/controlled_images/glass_left_of_armchair.jpeg,/home/zzou/Version0_dataset/Qwen_Image_Edit_2509_v0_armchair/glass_left_of_armchair_FACE-CAMERA.png,"Insert a human sitting on the armchair facing the camera, with their body also faced the camera. Keep all the rest of the image the same.",right,glass,FACE-CAMERA
/home/zzou/WhatsUp_dataset/controlled_images/glass_left_of_armchair.jpeg,/home/zzou/Version0_dataset/Qwen_Image_Edit_2509_v0_armchair/glass_left_of_armchair_FACE-LEFT.png,"Insert a human sitting on the armchair facing left, with their body also turned to the left. Keep all the rest of the image the same. You can change the orientation of the armchair.",front,glass,FACE-LEFT
/home/zzou/WhatsUp_dataset/controlled_images/glass_left_of_armchair.jpeg,/home/zzou/Version0_dataset/Qwen_Image_Edit_2509_v0_armchair/glass_left_of_armchair_FACE-RIGHT.png,"Insert a human sitting on the armchair facing right, with their body also turned to the right. Keep all the rest of the image the same. You can change the orientation of the armchair.",back,glass,FACE-RIGHT
/home/zzou/WhatsUp_dataset/controlled_images/glass_right_of_armchair.jpeg,/home/zzou/Version0_dataset/Qwen_Image_Edit_2509_v0_armchair/glass_right_of_armchair_FACE-CAMERA.png,"Insert a human sitting on the armchair facing the camera, with their body also faced the camera. Keep all the rest of the image the same.",left,glass,FACE-CAMERA
/home/zzou/WhatsUp_dataset/controlled_images/glass_right_of_armchair.jpeg,/home/zzou/Version0_dataset/Qwen_Image_Edit_2509_v0_armchair/glass_right_of_armchair_FACE-LEFT.png,"Insert a human sitting on the armchair facing left, with their body also turned to the left. Keep all the rest of the image the same. You can change the orientation of the armchair.",back,glass,FACE-LEFT
/home/zzou/WhatsUp_dataset/controlled_images/glass_right_of_armchair.jpeg,/home/zzou/Version0_dataset/Qwen_Image_Edit_2509_v0_armchair/glass_right_of_armchair_FACE-RIGHT.png,"Insert a human sitting on the armchair facing right, with their body also turned to the right. Keep all the rest of the image the same. You can change the orientation of the armchair.",front,glass,FACE-RIGHT
/home/zzou/WhatsUp_dataset/controlled_images/glasses_left_of_armchair.jpeg,/home/zzou/Version0_dataset/Qwen_Image_Edit_2509_v0_armchair/glasses_left_of_armchair_FACE-CAMERA.png,"Insert a human sitting on the armchair facing the camera, with their body also faced the camera. Keep all the rest of the image the same.",right,glasses,FACE-CAMERA
/home/zzou/WhatsUp_dataset/controlled_images/glasses_left_of_armchair.jpeg,/home/zzou/Version0_dataset/Qwen_Image_Edit_2509_v0_armchair/glasses_left_of_armchair_FACE-LEFT.png,"Insert a human sitting on the armchair facing left, with their body also turned to the left. Keep all the rest of the image the same. You can change the orientation of the armchair.",front,glasses,FACE-LEFT
/home/zzou/WhatsUp_dataset/controlled_images/glasses_left_of_armchair.jpeg,/home/zzou/Version0_dataset/Qwen_Image_Edit_2509_v0_armchair/glasses_left_of_armchair_FACE-RIGHT.png,"Insert a human sitting on the armchair facing right, with their body also turned to the right. Keep all the rest of the image the same. You can change the orientation of the armchair.",back,glasses,FACE-RIGHT
/home/zzou/WhatsUp_dataset/controlled_images/glasses_right_of_armchair.jpeg,/home/zzou/Version0_dataset/Qwen_Image_Edit_2509_v0_armchair/glasses_right_of_armchair_FACE-CAMERA.png,"Insert a human sitting on the armchair facing the camera, with their body also faced the camera. Keep all the rest of the image the same.",left,glasses,FACE-CAMERA
/home/zzou/WhatsUp_dataset/controlled_images/glasses_right_of_armchair.jpeg,/home/zzou/Version0_dataset/Qwen_Image_Edit_2509_v0_armchair/glasses_right_of_armchair_FACE-LEFT.png,"Insert a human sitting on the armchair facing left, with their body also turned to the left. Keep all the rest of the image the same. You can change the orientation of the armchair.",back,glasses,FACE-LEFT
/home/zzou/WhatsUp_dataset/controlled_images/glasses_right_of_armchair.jpeg,/home/zzou/Version0_dataset/Qwen_Image_Edit_2509_v0_armchair/glasses_right_of_armchair_FACE-RIGHT.png,"Insert a human sitting on the armchair facing right, with their body also turned to the right. Keep all the rest of the image the same. You can change the orientation of the armchair.",front,glasses,FACE-RIGHT
/home/zzou/WhatsUp_dataset/controlled_images/glove_left_of_armchair.jpeg,/home/zzou/Version0_dataset/Qwen_Image_Edit_2509_v0_armchair/glove_left_of_armchair_FACE-CAMERA.png,"Insert a human sitting on the armchair facing the camera, with their body also faced the camera. Keep all the rest of the image the same.",right,glove,FACE-CAMERA
/home/zzou/WhatsUp_dataset/controlled_images/glove_left_of_armchair.jpeg,/home/zzou/Version0_dataset/Qwen_Image_Edit_2509_v0_armchair/glove_left_of_armchair_FACE-LEFT.png,"Insert a human sitting on the armchair facing left, with their body also turned to the left. Keep all the rest of the image the same. You can change the orientation of the armchair.",front,glove,FACE-LEFT
/home/zzou/WhatsUp_dataset/controlled_images/glove_left_of_armchair.jpeg,/home/zzou/Version0_dataset/Qwen_Image_Edit_2509_v0_armchair/glove_left_of_armchair_FACE-RIGHT.png,"Insert a human sitting on the armchair facing right, with their body also turned to the right. Keep all the rest of the image the same. You can change the orientation of the armchair.",back,glove,FACE-RIGHT
/home/zzou/WhatsUp_dataset/controlled_images/glove_right_of_armchair.jpeg,/home/zzou/Version0_dataset/Qwen_Image_Edit_2509_v0_armchair/glove_right_of_armchair_FACE-CAMERA.png,"Insert a human sitting on the armchair facing the camera, with their body also faced the camera. Keep all the rest of the image the same.",left,glove,FACE-CAMERA
/home/zzou/WhatsUp_dataset/controlled_images/glove_right_of_armchair.jpeg,/home/zzou/Version0_dataset/Qwen_Image_Edit_2509_v0_armchair/glove_right_of_armchair_FACE-LEFT.png,"Insert a human sitting on the armchair facing left, with their body also turned to the left. Keep all the rest of the image the same. You can change the orientation of the armchair.",back,glove,FACE-LEFT
/home/zzou/WhatsUp_dataset/controlled_images/glove_right_of_armchair.jpeg,/home/zzou/Version0_dataset/Qwen_Image_Edit_2509_v0_armchair/glove_right_of_armchair_FACE-RIGHT.png,"Insert a human sitting on the armchair facing right, with their body also turned to the right. Keep all the rest of the image the same. You can change the orientation of the armchair.",front,glove,FACE-RIGHT
/home/zzou/WhatsUp_dataset/controlled_images/headphones_left_of_armchair.jpeg,/home/zzou/Version0_dataset/Qwen_Image_Edit_2509_v0_armchair/headphones_left_of_armchair_FACE-CAMERA.png,"Insert a human sitting on the armchair facing the camera, with their body also faced the camera. Keep all the rest of the image the same.",right,headphones,FACE-CAMERA
/home/zzou/WhatsUp_dataset/controlled_images/headphones_left_of_armchair.jpeg,/home/zzou/Version0_dataset/Qwen_Image_Edit_2509_v0_armchair/headphones_left_of_armchair_FACE-LEFT.png,"Insert a human sitting on the armchair facing left, with their body also turned to the left. Keep all the rest of the image the same. You can change the orientation of the armchair.",front,headphones,FACE-LEFT
/home/zzou/WhatsUp_dataset/controlled_images/headphones_left_of_armchair.jpeg,/home/zzou/Version0_dataset/Qwen_Image_Edit_2509_v0_armchair/headphones_left_of_armchair_FACE-RIGHT.png,"Insert a human sitting on the armchair facing right, with their body also turned to the right. Keep all the rest of the image the same. You can change the orientation of the armchair.",back,headphones,FACE-RIGHT
/home/zzou/WhatsUp_dataset/controlled_images/headphones_right_of_armchair.jpeg,/home/zzou/Version0_dataset/Qwen_Image_Edit_2509_v0_armchair/headphones_right_of_armchair_FACE-CAMERA.png,"Insert a human sitting on the armchair facing the camera, with their body also faced the camera. Keep all the rest of the image the same.",left,headphones,FACE-CAMERA
/home/zzou/WhatsUp_dataset/controlled_images/headphones_right_of_armchair.jpeg,/home/zzou/Version0_dataset/Qwen_Image_Edit_2509_v0_armchair/headphones_right_of_armchair_FACE-LEFT.png,"Insert a human sitting on the armchair facing left, with their body also turned to the left. Keep all the rest of the image the same. You can change the orientation of the armchair.",back,headphones,FACE-LEFT
/home/zzou/WhatsUp_dataset/controlled_images/headphones_right_of_armchair.jpeg,/home/zzou/Version0_dataset/Qwen_Image_Edit_2509_v0_armchair/headphones_right_of_armchair_FACE-RIGHT.png,"Insert a human sitting on the armchair facing right, with their body also turned to the right. Keep all the rest of the image the same. You can change the orientation of the armchair.",front,headphones,FACE-RIGHT
/home/zzou/WhatsUp_dataset/controlled_images/laptop_left_of_armchair.jpeg,/home/zzou/Version0_dataset/Qwen_Image_Edit_2509_v0_armchair/laptop_left_of_armchair_FACE-CAMERA.png,"Insert a human sitting on the armchair facing the camera, with their body also faced the camera. Keep all the rest of the image the same.",right,laptop,FACE-CAMERA
/home/zzou/WhatsUp_dataset/controlled_images/laptop_left_of_armchair.jpeg,/home/zzou/Version0_dataset/Qwen_Image_Edit_2509_v0_armchair/laptop_left_of_armchair_FACE-LEFT.png,"Insert a human sitting on the armchair facing left, with their body also turned to the left. Keep all the rest of the image the same. You can change the orientation of the armchair.",front,laptop,FACE-LEFT
/home/zzou/WhatsUp_dataset/controlled_images/laptop_left_of_armchair.jpeg,/home/zzou/Version0_dataset/Qwen_Image_Edit_2509_v0_armchair/laptop_left_of_armchair_FACE-RIGHT.png,"Insert a human sitting on the armchair facing right, with their body also turned to the right. Keep all the rest of the image the same. You can change the orientation of the armchair.",back,laptop,FACE-RIGHT
/home/zzou/WhatsUp_dataset/controlled_images/laptop_right_of_armchair.jpeg,/home/zzou/Version0_dataset/Qwen_Image_Edit_2509_v0_armchair/laptop_right_of_armchair_FACE-CAMERA.png,"Insert a human sitting on the armchair facing the camera, with their body also faced the camera. Keep all the rest of the image the same.",left,laptop,FACE-CAMERA
/home/zzou/WhatsUp_dataset/controlled_images/laptop_right_of_armchair.jpeg,/home/zzou/Version0_dataset/Qwen_Image_Edit_2509_v0_armchair/laptop_right_of_armchair_FACE-LEFT.png,"Insert a human sitting on the armchair facing left, with their body also turned to the left. Keep all the rest of the image the same. You can change the orientation of the armchair.",back,laptop,FACE-LEFT
/home/zzou/WhatsUp_dataset/controlled_images/laptop_right_of_armchair.jpeg,/home/zzou/Version0_dataset/Qwen_Image_Edit_2509_v0_armchair/laptop_right_of_armchair_FACE-RIGHT.png,"Insert a human sitting on the armchair facing right, with their body also turned to the right. Keep all the rest of the image the same. You can change the orientation of the armchair.",front,laptop,FACE-RIGHT
/home/zzou/WhatsUp_dataset/controlled_images/mug_left_of_armchair.jpeg,/home/zzou/Version0_dataset/Qwen_Image_Edit_2509_v0_armchair/mug_left_of_armchair_FACE-CAMERA.png,"Insert a human sitting on the armchair facing the camera, with their body also faced the camera. Keep all the rest of the image the same.",right,mug,FACE-CAMERA
/home/zzou/WhatsUp_dataset/controlled_images/mug_left_of_armchair.jpeg,/home/zzou/Version0_dataset/Qwen_Image_Edit_2509_v0_armchair/mug_left_of_armchair_FACE-LEFT.png,"Insert a human sitting on the armchair facing left, with their body also turned to the left. Keep all the rest of the image the same. You can change the orientation of the armchair.",front,mug,FACE-LEFT
/home/zzou/WhatsUp_dataset/controlled_images/mug_left_of_armchair.jpeg,/home/zzou/Version0_dataset/Qwen_Image_Edit_2509_v0_armchair/mug_left_of_armchair_FACE-RIGHT.png,"Insert a human sitting on the armchair facing right, with their body also turned to the right. Keep all the rest of the image the same. You can change the orientation of the armchair.",back,mug,FACE-RIGHT
/home/zzou/WhatsUp_dataset/controlled_images/mug_right_of_armchair.jpeg,/home/zzou/Version0_dataset/Qwen_Image_Edit_2509_v0_armchair/mug_right_of_armchair_FACE-CAMERA.png,"Insert a human sitting on the armchair facing the camera, with their body also faced the camera. Keep all the rest of the image the same.",left,mug,FACE-CAMERA
/home/zzou/WhatsUp_dataset/controlled_images/mug_right_of_armchair.jpeg,/home/zzou/Version0_dataset/Qwen_Image_Edit_2509_v0_armchair/mug_right_of_armchair_FACE-LEFT.png,"Insert a human sitting on the armchair facing left, with their body also turned to the left. Keep all the rest of the image the same. You can change the orientation of the armchair.",back,mug,FACE-LEFT
/home/zzou/WhatsUp_dataset/controlled_images/mug_right_of_armchair.jpeg,/home/zzou/Version0_dataset/Qwen_Image_Edit_2509_v0_armchair/mug_right_of_armchair_FACE-RIGHT.png,"Insert a human sitting on the armchair facing right, with their body also turned to the right. Keep all the rest of the image the same. You can change the orientation of the armchair.",front,mug,FACE-RIGHT
/home/zzou/WhatsUp_dataset/controlled_images/notepad_left_of_armchair.jpeg,/home/zzou/Version0_dataset/Qwen_Image_Edit_2509_v0_armchair/notepad_left_of_armchair_FACE-CAMERA.png,"Insert a human sitting on the armchair facing the camera, with their body also faced the camera. Keep all the rest of the image the same.",right,notepad,FACE-CAMERA
/home/zzou/WhatsUp_dataset/controlled_images/notepad_left_of_armchair.jpeg,/home/zzou/Version0_dataset/Qwen_Image_Edit_2509_v0_armchair/notepad_left_of_armchair_FACE-LEFT.png,"Insert a human sitting on the armchair facing left, with their body also turned to the left. Keep all the rest of the image the same. You can change the orientation of the armchair.",front,notepad,FACE-LEFT
/home/zzou/WhatsUp_dataset/controlled_images/notepad_left_of_armchair.jpeg,/home/zzou/Version0_dataset/Qwen_Image_Edit_2509_v0_armchair/notepad_left_of_armchair_FACE-RIGHT.png,"Insert a human sitting on the armchair facing right, with their body also turned to the right. Keep all the rest of the image the same. You can change the orientation of the armchair.",back,notepad,FACE-RIGHT
/home/zzou/WhatsUp_dataset/controlled_images/notepad_right_of_armchair.jpeg,/home/zzou/Version0_dataset/Qwen_Image_Edit_2509_v0_armchair/notepad_right_of_armchair_FACE-CAMERA.png,"Insert a human sitting on the armchair facing the camera, with their body also faced the camera. Keep all the rest of the image the same.",left,notepad,FACE-CAMERA
/home/zzou/WhatsUp_dataset/controlled_images/notepad_right_of_armchair.jpeg,/home/zzou/Version0_dataset/Qwen_Image_Edit_2509_v0_armchair/notepad_right_of_armchair_FACE-LEFT.png,"Insert a human sitting on the armchair facing left, with their body also turned to the left. Keep all the rest of the image the same. You can change the orientation of the armchair.",back,notepad,FACE-LEFT
/home/zzou/WhatsUp_dataset/controlled_images/notepad_right_of_armchair.jpeg,/home/zzou/Version0_dataset/Qwen_Image_Edit_2509_v0_armchair/notepad_right_of_armchair_FACE-RIGHT.png,"Insert a human sitting on the armchair facing right, with their body also turned to the right. Keep all the rest of the image the same. You can change the orientation of the armchair.",front,notepad,FACE-RIGHT
/home/zzou/WhatsUp_dataset/controlled_images/orange_left_of_armchair.jpeg,/home/zzou/Version0_dataset/Qwen_Image_Edit_2509_v0_armchair/orange_left_of_armchair_FACE-CAMERA.png,"Insert a human sitting on the armchair facing the camera, with their body also faced the camera. Keep all the rest of the image the same.",right,orange,FACE-CAMERA
/home/zzou/WhatsUp_dataset/controlled_images/orange_left_of_armchair.jpeg,/home/zzou/Version0_dataset/Qwen_Image_Edit_2509_v0_armchair/orange_left_of_armchair_FACE-LEFT.png,"Insert a human sitting on the armchair facing left, with their body also turned to the left. Keep all the rest of the image the same. You can change the orientation of the armchair.",front,orange,FACE-LEFT
/home/zzou/WhatsUp_dataset/controlled_images/orange_left_of_armchair.jpeg,/home/zzou/Version0_dataset/Qwen_Image_Edit_2509_v0_armchair/orange_left_of_armchair_FACE-RIGHT.png,"Insert a human sitting on the armchair facing right, with their body also turned to the right. Keep all the rest of the image the same. You can change the orientation of the armchair.",back,orange,FACE-RIGHT
/home/zzou/WhatsUp_dataset/controlled_images/orange_right_of_armchair.jpeg,/home/zzou/Version0_dataset/Qwen_Image_Edit_2509_v0_armchair/orange_right_of_armchair_FACE-CAMERA.png,"Insert a human sitting on the armchair facing the camera, with their body also faced the camera. Keep all the rest of the image the same.",left,orange,FACE-CAMERA
/home/zzou/WhatsUp_dataset/controlled_images/orange_right_of_armchair.jpeg,/home/zzou/Version0_dataset/Qwen_Image_Edit_2509_v0_armchair/orange_right_of_armchair_FACE-LEFT.png,"Insert a human sitting on the armchair facing left, with their body also turned to the left. Keep all the rest of the image the same. You can change the orientation of the armchair.",back,orange,FACE-LEFT
/home/zzou/WhatsUp_dataset/controlled_images/orange_right_of_armchair.jpeg,/home/zzou/Version0_dataset/Qwen_Image_Edit_2509_v0_armchair/orange_right_of_armchair_FACE-RIGHT.png,"Insert a human sitting on the armchair facing right, with their body also turned to the right. Keep all the rest of the image the same. You can change the orientation of the armchair.",front,orange,FACE-RIGHT
/home/zzou/WhatsUp_dataset/controlled_images/pan_left_of_armchair.jpeg,/home/zzou/Version0_dataset/Qwen_Image_Edit_2509_v0_armchair/pan_left_of_armchair_FACE-CAMERA.png,"Insert a human sitting on the armchair facing the camera, with their body also faced the camera. Keep all the rest of the image the same.",right,pan,FACE-CAMERA
/home/zzou/WhatsUp_dataset/controlled_images/pan_left_of_armchair.jpeg,/home/zzou/Version0_dataset/Qwen_Image_Edit_2509_v0_armchair/pan_left_of_armchair_FACE-LEFT.png,"Insert a human sitting on the armchair facing left, with their body also turned to the left. Keep all the rest of the image the same. You can change the orientation of the armchair.",front,pan,FACE-LEFT
/home/zzou/WhatsUp_dataset/controlled_images/pan_left_of_armchair.jpeg,/home/zzou/Version0_dataset/Qwen_Image_Edit_2509_v0_armchair/pan_left_of_armchair_FACE-RIGHT.png,"Insert a human sitting on the armchair facing right, with their body also turned to the right. Keep all the rest of the image the same. You can change the orientation of the armchair.",back,pan,FACE-RIGHT
/home/zzou/WhatsUp_dataset/controlled_images/pan_right_of_armchair.jpeg,/home/zzou/Version0_dataset/Qwen_Image_Edit_2509_v0_armchair/pan_right_of_armchair_FACE-CAMERA.png,"Insert a human sitting on the armchair facing the camera, with their body also faced the camera. Keep all the rest of the image the same.",left,pan,FACE-CAMERA
/home/zzou/WhatsUp_dataset/controlled_images/pan_right_of_armchair.jpeg,/home/zzou/Version0_dataset/Qwen_Image_Edit_2509_v0_armchair/pan_right_of_armchair_FACE-LEFT.png,"Insert a human sitting on the armchair facing left, with their body also turned to the left. Keep all the rest of the image the same. You can change the orientation of the armchair.",back,pan,FACE-LEFT
/home/zzou/WhatsUp_dataset/controlled_images/pan_right_of_armchair.jpeg,/home/zzou/Version0_dataset/Qwen_Image_Edit_2509_v0_armchair/pan_right_of_armchair_FACE-RIGHT.png,"Insert a human sitting on the armchair facing right, with their body also turned to the right. Keep all the rest of the image the same. You can change the orientation of the armchair.",front,pan,FACE-RIGHT
/home/zzou/WhatsUp_dataset/controlled_images/phone_left_of_armchair.jpeg,/home/zzou/Version0_dataset/Qwen_Image_Edit_2509_v0_armchair/phone_left_of_armchair_FACE-CAMERA.png,"Insert a human sitting on the armchair facing the camera, with their body also faced the camera. Keep all the rest of the image the same.",right,phone,FACE-CAMERA
/home/zzou/WhatsUp_dataset/controlled_images/phone_left_of_armchair.jpeg,/home/zzou/Version0_dataset/Qwen_Image_Edit_2509_v0_armchair/phone_left_of_armchair_FACE-LEFT.png,"Insert a human sitting on the armchair facing left, with their body also turned to the left. Keep all the rest of the image the same. You can change the orientation of the armchair.",front,phone,FACE-LEFT
/home/zzou/WhatsUp_dataset/controlled_images/phone_left_of_armchair.jpeg,/home/zzou/Version0_dataset/Qwen_Image_Edit_2509_v0_armchair/phone_left_of_armchair_FACE-RIGHT.png,"Insert a human sitting on the armchair facing right, with their body also turned to the right. Keep all the rest of the image the same. You can change the orientation of the armchair.",back,phone,FACE-RIGHT
/home/zzou/WhatsUp_dataset/controlled_images/phone_right_of_armchair.jpeg,/home/zzou/Version0_dataset/Qwen_Image_Edit_2509_v0_armchair/phone_right_of_armchair_FACE-CAMERA.png,"Insert a human sitting on the armchair facing the camera, with their body also faced the camera. Keep all the rest of the image the same.",left,phone,FACE-CAMERA
/home/zzou/WhatsUp_dataset/controlled_images/phone_right_of_armchair.jpeg,/home/zzou/Version0_dataset/Qwen_Image_Edit_2509_v0_armchair/phone_right_of_armchair_FACE-LEFT.png,"Insert a human sitting on the armchair facing left, with their body also turned to the left. Keep all the rest of the image the same. You can change the orientation of the armchair.",back,phone,FACE-LEFT
/home/zzou/WhatsUp_dataset/controlled_images/phone_right_of_armchair.jpeg,/home/zzou/Version0_dataset/Qwen_Image_Edit_2509_v0_armchair/phone_right_of_armchair_FACE-RIGHT.png,"Insert a human sitting on the armchair facing right, with their body also turned to the right. Keep all the rest of the image the same. You can change the orientation of the armchair.",front,phone,FACE-RIGHT
/home/zzou/WhatsUp_dataset/controlled_images/pillow_left_of_armchair.jpeg,/home/zzou/Version0_dataset/Qwen_Image_Edit_2509_v0_armchair/pillow_left_of_armchair_FACE-CAMERA.png,"Insert a human sitting on the armchair facing the camera, with their body also faced the camera. Keep all the rest of the image the same.",right,pillow,FACE-CAMERA
/home/zzou/WhatsUp_dataset/controlled_images/pillow_left_of_armchair.jpeg,/home/zzou/Version0_dataset/Qwen_Image_Edit_2509_v0_armchair/pillow_left_of_armchair_FACE-LEFT.png,"Insert a human sitting on the armchair facing left, with their body also turned to the left. Keep all the rest of the image the same. You can change the orientation of the armchair.",front,pillow,FACE-LEFT
/home/zzou/WhatsUp_dataset/controlled_images/pillow_left_of_armchair.jpeg,/home/zzou/Version0_dataset/Qwen_Image_Edit_2509_v0_armchair/pillow_left_of_armchair_FACE-RIGHT.png,"Insert a human sitting on the armchair facing right, with their body also turned to the right. Keep all the rest of the image the same. You can change the orientation of the armchair.",back,pillow,FACE-RIGHT
/home/zzou/WhatsUp_dataset/controlled_images/pillow_right_of_armchair.jpeg,/home/zzou/Version0_dataset/Qwen_Image_Edit_2509_v0_armchair/pillow_right_of_armchair_FACE-CAMERA.png,"Insert a human sitting on the armchair facing the camera, with their body also faced the camera. Keep all the rest of the image the same.",left,pillow,FACE-CAMERA
/home/zzou/WhatsUp_dataset/controlled_images/pillow_right_of_armchair.jpeg,/home/zzou/Version0_dataset/Qwen_Image_Edit_2509_v0_armchair/pillow_right_of_armchair_FACE-LEFT.png,"Insert a human sitting on the armchair facing left, with their body also turned to the left. Keep all the rest of the image the same. You can change the orientation of the armchair.",back,pillow,FACE-LEFT
/home/zzou/WhatsUp_dataset/controlled_images/pillow_right_of_armchair.jpeg,/home/zzou/Version0_dataset/Qwen_Image_Edit_2509_v0_armchair/pillow_right_of_armchair_FACE-RIGHT.png,"Insert a human sitting on the armchair facing right, with their body also turned to the right. Keep all the rest of the image the same. You can change the orientation of the armchair.",front,pillow,FACE-RIGHT
/home/zzou/WhatsUp_dataset/controlled_images/plate_left_of_armchair.jpeg,/home/zzou/Version0_dataset/Qwen_Image_Edit_2509_v0_armchair/plate_left_of_armchair_FACE-CAMERA.png,"Insert a human sitting on the armchair facing the camera, with their body also faced the camera. Keep all the rest of the image the same.",right,plate,FACE-CAMERA
/home/zzou/WhatsUp_dataset/controlled_images/plate_left_of_armchair.jpeg,/home/zzou/Version0_dataset/Qwen_Image_Edit_2509_v0_armchair/plate_left_of_armchair_FACE-LEFT.png,"Insert a human sitting on the armchair facing left, with their body also turned to the left. Keep all the rest of the image the same. You can change the orientation of the armchair.",front,plate,FACE-LEFT
/home/zzou/WhatsUp_dataset/controlled_images/plate_left_of_armchair.jpeg,/home/zzou/Version0_dataset/Qwen_Image_Edit_2509_v0_armchair/plate_left_of_armchair_FACE-RIGHT.png,"Insert a human sitting on the armchair facing right, with their body also turned to the right. Keep all the rest of the image the same. You can change the orientation of the armchair.",back,plate,FACE-RIGHT
/home/zzou/WhatsUp_dataset/controlled_images/plate_right_of_armchair.jpeg,/home/zzou/Version0_dataset/Qwen_Image_Edit_2509_v0_armchair/plate_right_of_armchair_FACE-CAMERA.png,"Insert a human sitting on the armchair facing the camera, with their body also faced the camera. Keep all the rest of the image the same.",left,plate,FACE-CAMERA
/home/zzou/WhatsUp_dataset/controlled_images/plate_right_of_armchair.jpeg,/home/zzou/Version0_dataset/Qwen_Image_Edit_2509_v0_armchair/plate_right_of_armchair_FACE-LEFT.png,"Insert a human sitting on the armchair facing left, with their body also turned to the left. Keep all the rest of the image the same. You can change the orientation of the armchair.",back,plate,FACE-LEFT
/home/zzou/WhatsUp_dataset/controlled_images/plate_right_of_armchair.jpeg,/home/zzou/Version0_dataset/Qwen_Image_Edit_2509_v0_armchair/plate_right_of_armchair_FACE-RIGHT.png,"Insert a human sitting on the armchair facing right, with their body also turned to the right. Keep all the rest of the image the same. You can change the orientation of the armchair.",front,plate,FACE-RIGHT
/home/zzou/WhatsUp_dataset/controlled_images/remote_left_of_armchair.jpeg,/home/zzou/Version0_dataset/Qwen_Image_Edit_2509_v0_armchair/remote_left_of_armchair_FACE-CAMERA.png,"Insert a human sitting on the armchair facing the camera, with their body also faced the camera. Keep all the rest of the image the same.",right,remote,FACE-CAMERA
/home/zzou/WhatsUp_dataset/controlled_images/remote_left_of_armchair.jpeg,/home/zzou/Version0_dataset/Qwen_Image_Edit_2509_v0_armchair/remote_left_of_armchair_FACE-LEFT.png,"Insert a human sitting on the armchair facing left, with their body also turned to the left. Keep all the rest of the image the same. You can change the orientation of the armchair.",front,remote,FACE-LEFT
/home/zzou/WhatsUp_dataset/controlled_images/remote_left_of_armchair.jpeg,/home/zzou/Version0_dataset/Qwen_Image_Edit_2509_v0_armchair/remote_left_of_armchair_FACE-RIGHT.png,"Insert a human sitting on the armchair facing right, with their body also turned to the right. Keep all the rest of the image the same. You can change the orientation of the armchair.",back,remote,FACE-RIGHT
/home/zzou/WhatsUp_dataset/controlled_images/remote_right_of_armchair.jpeg,/home/zzou/Version0_dataset/Qwen_Image_Edit_2509_v0_armchair/remote_right_of_armchair_FACE-CAMERA.png,"Insert a human sitting on the armchair facing the camera, with their body also faced the camera. Keep all the rest of the image the same.",left,remote,FACE-CAMERA
/home/zzou/WhatsUp_dataset/controlled_images/remote_right_of_armchair.jpeg,/home/zzou/Version0_dataset/Qwen_Image_Edit_2509_v0_armchair/remote_right_of_armchair_FACE-LEFT.png,"Insert a human sitting on the armchair facing left, with their body also turned to the left. Keep all the rest of the image the same. You can change the orientation of the armchair.",back,remote,FACE-LEFT
/home/zzou/WhatsUp_dataset/controlled_images/remote_right_of_armchair.jpeg,/home/zzou/Version0_dataset/Qwen_Image_Edit_2509_v0_armchair/remote_right_of_armchair_FACE-RIGHT.png,"Insert a human sitting on the armchair facing right, with their body also turned to the right. Keep all the rest of the image the same. You can change the orientation of the armchair.",front,remote,FACE-RIGHT
/home/zzou/WhatsUp_dataset/controlled_images/rose_left_of_armchair.jpeg,/home/zzou/Version0_dataset/Qwen_Image_Edit_2509_v0_armchair/rose_left_of_armchair_FACE-CAMERA.png,"Insert a human sitting on the armchair facing the camera, with their body also faced the camera. Keep all the rest of the image the same.",right,rose,FACE-CAMERA
/home/zzou/WhatsUp_dataset/controlled_images/rose_left_of_armchair.jpeg,/home/zzou/Version0_dataset/Qwen_Image_Edit_2509_v0_armchair/rose_left_of_armchair_FACE-LEFT.png,"Insert a human sitting on the armchair facing left, with their body also turned to the left. Keep all the rest of the image the same. You can change the orientation of the armchair.",front,rose,FACE-LEFT
/home/zzou/WhatsUp_dataset/controlled_images/rose_left_of_armchair.jpeg,/home/zzou/Version0_dataset/Qwen_Image_Edit_2509_v0_armchair/rose_left_of_armchair_FACE-RIGHT.png,"Insert a human sitting on the armchair facing right, with their body also turned to the right. Keep all the rest of the image the same. You can change the orientation of the armchair.",back,rose,FACE-RIGHT
/home/zzou/WhatsUp_dataset/controlled_images/rose_right_of_armchair.jpeg,/home/zzou/Version0_dataset/Qwen_Image_Edit_2509_v0_armchair/rose_right_of_armchair_FACE-CAMERA.png,"Insert a human sitting on the armchair facing the camera, with their body also faced the camera. Keep all the rest of the image the same.",left,rose,FACE-CAMERA
/home/zzou/WhatsUp_dataset/controlled_images/rose_right_of_armchair.jpeg,/home/zzou/Version0_dataset/Qwen_Image_Edit_2509_v0_armchair/rose_right_of_armchair_FACE-LEFT.png,"Insert a human sitting on the armchair facing left, with their body also turned to the left. Keep all the rest of the image the same. You can change the orientation of the armchair.",back,rose,FACE-LEFT
/home/zzou/WhatsUp_dataset/controlled_images/rose_right_of_armchair.jpeg,/home/zzou/Version0_dataset/Qwen_Image_Edit_2509_v0_armchair/rose_right_of_armchair_FACE-RIGHT.png,"Insert a human sitting on the armchair facing right, with their body also turned to the right. Keep all the rest of the image the same. You can change the orientation of the armchair.",front,rose,FACE-RIGHT
/home/zzou/WhatsUp_dataset/controlled_images/scarf_left_of_armchair.jpeg,/home/zzou/Version0_dataset/Qwen_Image_Edit_2509_v0_armchair/scarf_left_of_armchair_FACE-CAMERA.png,"Insert a human sitting on the armchair facing the camera, with their body also faced the camera. Keep all the rest of the image the same.",right,scarf,FACE-CAMERA
/home/zzou/WhatsUp_dataset/controlled_images/scarf_left_of_armchair.jpeg,/home/zzou/Version0_dataset/Qwen_Image_Edit_2509_v0_armchair/scarf_left_of_armchair_FACE-LEFT.png,"Insert a human sitting on the armchair facing left, with their body also turned to the left. Keep all the rest of the image the same. You can change the orientation of the armchair.",front,scarf,FACE-LEFT
/home/zzou/WhatsUp_dataset/controlled_images/scarf_left_of_armchair.jpeg,/home/zzou/Version0_dataset/Qwen_Image_Edit_2509_v0_armchair/scarf_left_of_armchair_FACE-RIGHT.png,"Insert a human sitting on the armchair facing right, with their body also turned to the right. Keep all the rest of the image the same. You can change the orientation of the armchair.",back,scarf,FACE-RIGHT
/home/zzou/WhatsUp_dataset/controlled_images/scarf_right_of_armchair.jpeg,/home/zzou/Version0_dataset/Qwen_Image_Edit_2509_v0_armchair/scarf_right_of_armchair_FACE-CAMERA.png,"Insert a human sitting on the armchair facing the camera, with their body also faced the camera. Keep all the rest of the image the same.",left,scarf,FACE-CAMERA
/home/zzou/WhatsUp_dataset/controlled_images/scarf_right_of_armchair.jpeg,/home/zzou/Version0_dataset/Qwen_Image_Edit_2509_v0_armchair/scarf_right_of_armchair_FACE-LEFT.png,"Insert a human sitting on the armchair facing left, with their body also turned to the left. Keep all the rest of the image the same. You can change the orientation of the armchair.",back,scarf,FACE-LEFT
/home/zzou/WhatsUp_dataset/controlled_images/scarf_right_of_armchair.jpeg,/home/zzou/Version0_dataset/Qwen_Image_Edit_2509_v0_armchair/scarf_right_of_armchair_FACE-RIGHT.png,"Insert a human sitting on the armchair facing right, with their body also turned to the right. Keep all the rest of the image the same. You can change the orientation of the armchair.",front,scarf,FACE-RIGHT
/home/zzou/WhatsUp_dataset/controlled_images/soda-can_left_of_armchair.jpeg,/home/zzou/Version0_dataset/Qwen_Image_Edit_2509_v0_armchair/soda-can_left_of_armchair_FACE-CAMERA.png,"Insert a human sitting on the armchair facing the camera, with their body also faced the camera. Keep all the rest of the image the same.",right,soda-can,FACE-CAMERA
/home/zzou/WhatsUp_dataset/controlled_images/soda-can_left_of_armchair.jpeg,/home/zzou/Version0_dataset/Qwen_Image_Edit_2509_v0_armchair/soda-can_left_of_armchair_FACE-LEFT.png,"Insert a human sitting on the armchair facing left, with their body also turned to the left. Keep all the rest of the image the same. You can change the orientation of the armchair.",front,soda-can,FACE-LEFT
/home/zzou/WhatsUp_dataset/controlled_images/soda-can_left_of_armchair.jpeg,/home/zzou/Version0_dataset/Qwen_Image_Edit_2509_v0_armchair/soda-can_left_of_armchair_FACE-RIGHT.png,"Insert a human sitting on the armchair facing right, with their body also turned to the right. Keep all the rest of the image the same. You can change the orientation of the armchair.",back,soda-can,FACE-RIGHT
/home/zzou/WhatsUp_dataset/controlled_images/soda-can_right_of_armchair.jpeg,/home/zzou/Version0_dataset/Qwen_Image_Edit_2509_v0_armchair/soda-can_right_of_armchair_FACE-CAMERA.png,"Insert a human sitting on the armchair facing the camera, with their body also faced the camera. Keep all the rest of the image the same.",left,soda-can,FACE-CAMERA
/home/zzou/WhatsUp_dataset/controlled_images/soda-can_right_of_armchair.jpeg,/home/zzou/Version0_dataset/Qwen_Image_Edit_2509_v0_armchair/soda-can_right_of_armchair_FACE-LEFT.png,"Insert a human sitting on the armchair facing left, with their body also turned to the left. Keep all the rest of the image the same. You can change the orientation of the armchair.",back,soda-can,FACE-LEFT
/home/zzou/WhatsUp_dataset/controlled_images/soda-can_right_of_armchair.jpeg,/home/zzou/Version0_dataset/Qwen_Image_Edit_2509_v0_armchair/soda-can_right_of_armchair_FACE-RIGHT.png,"Insert a human sitting on the armchair facing right, with their body also turned to the right. Keep all the rest of the image the same. You can change the orientation of the armchair.",front,soda-can,FACE-RIGHT
/home/zzou/WhatsUp_dataset/controlled_images/sunglasses_left_of_armchair.jpeg,/home/zzou/Version0_dataset/Qwen_Image_Edit_2509_v0_armchair/sunglasses_left_of_armchair_FACE-CAMERA.png,"Insert a human sitting on the armchair facing the camera, with their body also faced the camera. Keep all the rest of the image the same.",right,sunglasses,FACE-CAMERA
/home/zzou/WhatsUp_dataset/controlled_images/sunglasses_left_of_armchair.jpeg,/home/zzou/Version0_dataset/Qwen_Image_Edit_2509_v0_armchair/sunglasses_left_of_armchair_FACE-LEFT.png,"Insert a human sitting on the armchair facing left, with their body also turned to the left. Keep all the rest of the image the same. You can change the orientation of the armchair.",front,sunglasses,FACE-LEFT
/home/zzou/WhatsUp_dataset/controlled_images/sunglasses_left_of_armchair.jpeg,/home/zzou/Version0_dataset/Qwen_Image_Edit_2509_v0_armchair/sunglasses_left_of_armchair_FACE-RIGHT.png,"Insert a human sitting on the armchair facing right, with their body also turned to the right. Keep all the rest of the image the same. You can change the orientation of the armchair.",back,sunglasses,FACE-RIGHT
/home/zzou/WhatsUp_dataset/controlled_images/sunglasses_right_of_armchair.jpeg,/home/zzou/Version0_dataset/Qwen_Image_Edit_2509_v0_armchair/sunglasses_right_of_armchair_FACE-CAMERA.png,"Insert a human sitting on the armchair facing the camera, with their body also faced the camera. Keep all the rest of the image the same.",left,sunglasses,FACE-CAMERA
/home/zzou/WhatsUp_dataset/controlled_images/sunglasses_right_of_armchair.jpeg,/home/zzou/Version0_dataset/Qwen_Image_Edit_2509_v0_armchair/sunglasses_right_of_armchair_FACE-LEFT.png,"Insert a human sitting on the armchair facing left, with their body also turned to the left. Keep all the rest of the image the same. You can change the orientation of the armchair.",back,sunglasses,FACE-LEFT
/home/zzou/WhatsUp_dataset/controlled_images/sunglasses_right_of_armchair.jpeg,/home/zzou/Version0_dataset/Qwen_Image_Edit_2509_v0_armchair/sunglasses_right_of_armchair_FACE-RIGHT.png,"Insert a human sitting on the armchair facing right, with their body also turned to the right. Keep all the rest of the image the same. You can change the orientation of the armchair.",front,sunglasses,FACE-RIGHT
/home/zzou/WhatsUp_dataset/controlled_images/tape_left_of_armchair.jpeg,/home/zzou/Version0_dataset/Qwen_Image_Edit_2509_v0_armchair/tape_left_of_armchair_FACE-CAMERA.png,"Insert a human sitting on the armchair facing the camera, with their body also faced the camera. Keep all the rest of the image the same.",right,tape,FACE-CAMERA
/home/zzou/WhatsUp_dataset/controlled_images/tape_left_of_armchair.jpeg,/home/zzou/Version0_dataset/Qwen_Image_Edit_2509_v0_armchair/tape_left_of_armchair_FACE-LEFT.png,"Insert a human sitting on the armchair facing left, with their body also turned to the left. Keep all the rest of the image the same. You can change the orientation of the armchair.",front,tape,FACE-LEFT
/home/zzou/WhatsUp_dataset/controlled_images/tape_left_of_armchair.jpeg,/home/zzou/Version0_dataset/Qwen_Image_Edit_2509_v0_armchair/tape_left_of_armchair_FACE-RIGHT.png,"Insert a human sitting on the armchair facing right, with their body also turned to the right. Keep all the rest of the image the same. You can change the orientation of the armchair.",back,tape,FACE-RIGHT
/home/zzou/WhatsUp_dataset/controlled_images/tape_right_of_armchair.jpeg,/home/zzou/Version0_dataset/Qwen_Image_Edit_2509_v0_armchair/tape_right_of_armchair_FACE-CAMERA.png,"Insert a human sitting on the armchair facing the camera, with their body also faced the camera. Keep all the rest of the image the same.",left,tape,FACE-CAMERA
/home/zzou/WhatsUp_dataset/controlled_images/tape_right_of_armchair.jpeg,/home/zzou/Version0_dataset/Qwen_Image_Edit_2509_v0_armchair/tape_right_of_armchair_FACE-LEFT.png,"Insert a human sitting on the armchair facing left, with their body also turned to the left. Keep all the rest of the image the same. You can change the orientation of the armchair.",back,tape,FACE-LEFT
/home/zzou/WhatsUp_dataset/controlled_images/tape_right_of_armchair.jpeg,/home/zzou/Version0_dataset/Qwen_Image_Edit_2509_v0_armchair/tape_right_of_armchair_FACE-RIGHT.png,"Insert a human sitting on the armchair facing right, with their body also turned to the right. Keep all the rest of the image the same. You can change the orientation of the armchair.",front,tape,FACE-RIGHT
/home/zzou/WhatsUp_dataset/controlled_images/water-bottle_left_of_armchair.jpeg,/home/zzou/Version0_dataset/Qwen_Image_Edit_2509_v0_armchair/water-bottle_left_of_armchair_FACE-CAMERA.png,"Insert a human sitting on the armchair facing the camera, with their body also faced the camera. Keep all the rest of the image the same.",right,water-bottle,FACE-CAMERA
/home/zzou/WhatsUp_dataset/controlled_images/water-bottle_left_of_armchair.jpeg,/home/zzou/Version0_dataset/Qwen_Image_Edit_2509_v0_armchair/water-bottle_left_of_armchair_FACE-LEFT.png,"Insert a human sitting on the armchair facing left, with their body also turned to the left. Keep all the rest of the image the same. You can change the orientation of the armchair.",front,water-bottle,FACE-LEFT
/home/zzou/WhatsUp_dataset/controlled_images/water-bottle_left_of_armchair.jpeg,/home/zzou/Version0_dataset/Qwen_Image_Edit_2509_v0_armchair/water-bottle_left_of_armchair_FACE-RIGHT.png,"Insert a human sitting on the armchair facing right, with their body also turned to the right. Keep all the rest of the image the same. You can change the orientation of the armchair.",back,water-bottle,FACE-RIGHT
/home/zzou/WhatsUp_dataset/controlled_images/water-bottle_right_of_armchair.jpeg,/home/zzou/Version0_dataset/Qwen_Image_Edit_2509_v0_armchair/water-bottle_right_of_armchair_FACE-CAMERA.png,"Insert a human sitting on the armchair facing the camera, with their body also faced the camera. Keep all the rest of the image the same.",left,water-bottle,FACE-CAMERA
/home/zzou/WhatsUp_dataset/controlled_images/water-bottle_right_of_armchair.jpeg,/home/zzou/Version0_dataset/Qwen_Image_Edit_2509_v0_armchair/water-bottle_right_of_armchair_FACE-LEFT.png,"Insert a human sitting on the armchair facing left, with their body also turned to the left. Keep all the rest of the image the same. You can change the orientation of the armchair.",back,water-bottle,FACE-LEFT
/home/zzou/WhatsUp_dataset/controlled_images/water-bottle_right_of_armchair.jpeg,/home/zzou/Version0_dataset/Qwen_Image_Edit_2509_v0_armchair/water-bottle_right_of_armchair_FACE-RIGHT.png,"Insert a human sitting on the armchair facing right, with their body also turned to the right. Keep all the rest of the image the same. You can change the orientation of the armchair.",front,water-bottle,FACE-RIGHT
/home/zzou/WhatsUp_dataset/controlled_images/wineglass_left_of_armchair.jpeg,/home/zzou/Version0_dataset/Qwen_Image_Edit_2509_v0_armchair/wineglass_left_of_armchair_FACE-CAMERA.png,"Insert a human sitting on the armchair facing the camera, with their body also faced the camera. Keep all the rest of the image the same.",right,wineglass,FACE-CAMERA
/home/zzou/WhatsUp_dataset/controlled_images/wineglass_left_of_armchair.jpeg,/home/zzou/Version0_dataset/Qwen_Image_Edit_2509_v0_armchair/wineglass_left_of_armchair_FACE-LEFT.png,"Insert a human sitting on the armchair facing left, with their body also turned to the left. Keep all the rest of the image the same. You can change the orientation of the armchair.",front,wineglass,FACE-LEFT
/home/zzou/WhatsUp_dataset/controlled_images/wineglass_left_of_armchair.jpeg,/home/zzou/Version0_dataset/Qwen_Image_Edit_2509_v0_armchair/wineglass_left_of_armchair_FACE-RIGHT.png,"Insert a human sitting on the armchair facing right, with their body also turned to the right. Keep all the rest of the image the same. You can change the orientation of the armchair.",back,wineglass,FACE-RIGHT
/home/zzou/WhatsUp_dataset/controlled_images/wineglass_right_of_armchair.jpeg,/home/zzou/Version0_dataset/Qwen_Image_Edit_2509_v0_armchair/wineglass_right_of_armchair_FACE-CAMERA.png,"Insert a human sitting on the armchair facing the camera, with their body also faced the camera. Keep all the rest of the image the same.",left,wineglass,FACE-CAMERA
/home/zzou/WhatsUp_dataset/controlled_images/wineglass_right_of_armchair.jpeg,/home/zzou/Version0_dataset/Qwen_Image_Edit_2509_v0_armchair/wineglass_right_of_armchair_FACE-LEFT.png,"Insert a human sitting on the armchair facing left, with their body also turned to the left. Keep all the rest of the image the same. You can change the orientation of the armchair.",back,wineglass,FACE-LEFT
/home/zzou/WhatsUp_dataset/controlled_images/wineglass_right_of_armchair.jpeg,/home/zzou/Version0_dataset/Qwen_Image_Edit_2509_v0_armchair/wineglass_right_of_armchair_FACE-RIGHT.png,"Insert a human sitting on the armchair facing right, with their body also turned to the right. Keep all the rest of the image the same. You can change the orientation of the armchair.",front,wineglass,FACE-RIGHT
/home/zzou/WhatsUp_dataset/controlled_images/yarn_left_of_armchair.jpeg,/home/zzou/Version0_dataset/Qwen_Image_Edit_2509_v0_armchair/yarn_left_of_armchair_FACE-CAMERA.png,"Insert a human sitting on the armchair facing the camera, with their body also faced the camera. Keep all the rest of the image the same.",right,yarn,FACE-CAMERA
/home/zzou/WhatsUp_dataset/controlled_images/yarn_left_of_armchair.jpeg,/home/zzou/Version0_dataset/Qwen_Image_Edit_2509_v0_armchair/yarn_left_of_armchair_FACE-LEFT.png,"Insert a human sitting on the armchair facing left, with their body also turned to the left. Keep all the rest of the image the same. You can change the orientation of the armchair.",front,yarn,FACE-LEFT
/home/zzou/WhatsUp_dataset/controlled_images/yarn_left_of_armchair.jpeg,/home/zzou/Version0_dataset/Qwen_Image_Edit_2509_v0_armchair/yarn_left_of_armchair_FACE-RIGHT.png,"Insert a human sitting on the armchair facing right, with their body also turned to the right. Keep all the rest of the image the same. You can change the orientation of the armchair.",back,yarn,FACE-RIGHT
/home/zzou/WhatsUp_dataset/controlled_images/yarn_right_of_armchair.jpeg,/home/zzou/Version0_dataset/Qwen_Image_Edit_2509_v0_armchair/yarn_right_of_armchair_FACE-CAMERA.png,"Insert a human sitting on the armchair facing the camera, with their body also faced the camera. Keep all the rest of the image the same.",left,yarn,FACE-CAMERA
/home/zzou/WhatsUp_dataset/controlled_images/yarn_right_of_armchair.jpeg,/home/zzou/Version0_dataset/Qwen_Image_Edit_2509_v0_armchair/yarn_right_of_armchair_FACE-LEFT.png,"Insert a human sitting on the armchair facing left, with their body also turned to the left. Keep all the rest of the image the same. You can change the orientation of the armchair.",back,yarn,FACE-LEFT
/home/zzou/WhatsUp_dataset/controlled_images/yarn_right_of_armchair.jpeg,/home/zzou/Version0_dataset/Qwen_Image_Edit_2509_v0_armchair/yarn_right_of_armchair_FACE-RIGHT.png,"Insert a human sitting on the armchair facing right, with their body also turned to the right. Keep all the rest of the image the same. You can change the orientation of the armchair.",front,yarn,FACE-RIGHT
